{
    "Erixoru": 332903.0,
    "Nazedyw": 517739.0,
    "Ixojo": 20572.0,
    "Byqa": 256378.5063304384,
    "Byzyno": 221239.0,
    "Syfib": 4582.0,
    "Ovofaw": 520116.1641363098,
    "Oror": 373978.0,
    "Ymab": 275007.4884560751,
    "Ihog": 678798.0
}